{
  "feature_cols": [
    "Regime_moteur_brut",
    "Regime_moteur_deriv1",
    "Regime_moteur_deriv2",
    "Regime_moteur_ma1h",
    "Regime_moteur_ma6h",
    "Regime_moteur_ma24h",
    "Regime_moteur_zscore24h",
    "Regime_moteur_cumul_dep4h",
    "Regime_moteur_dist_alarme",
    "Pression_huile_brut",
    "Pression_huile_deriv1",
    "Pression_huile_deriv2",
    "Pression_huile_ma1h",
    "Pression_huile_ma6h",
    "Pression_huile_ma24h",
    "Pression_huile_zscore24h",
    "Pression_huile_cumul_dep4h",
    "Pression_huile_dist_alarme",
    "Temp_refroid_brut",
    "Temp_refroid_deriv1",
    "Temp_refroid_deriv2",
    "Temp_refroid_ma1h",
    "Temp_refroid_ma6h",
    "Temp_refroid_ma24h",
    "Temp_refroid_zscore24h",
    "Temp_refroid_cumul_dep4h",
    "Temp_refroid_dist_alarme",
    "Regime_conv_brut",
    "Regime_conv_deriv1",
    "Regime_conv_deriv2",
    "Regime_conv_ma1h",
    "Regime_conv_ma6h",
    "Regime_conv_ma24h",
    "Regime_conv_zscore24h",
    "Regime_conv_cumul_dep4h",
    "Regime_conv_dist_alarme",
    "Temp_conv_brut",
    "Temp_conv_deriv1",
    "Temp_conv_deriv2",
    "Temp_conv_ma1h",
    "Temp_conv_ma6h",
    "Temp_conv_ma24h",
    "Temp_conv_zscore24h",
    "Temp_conv_cumul_dep4h",
    "Temp_conv_dist_alarme",
    "Temp_huile_dir_brut",
    "Temp_huile_dir_deriv1",
    "Temp_huile_dir_deriv2",
    "Temp_huile_dir_ma1h",
    "Temp_huile_dir_ma6h",
    "Temp_huile_dir_ma24h",
    "Temp_huile_dir_zscore24h",
    "Temp_huile_dir_cumul_dep4h",
    "Temp_huile_dir_dist_alarme"
  ],
  "window_size": 96,
  "horizon_steps": 30,
  "norm_min": [
    575.0,
    -1121.0,
    -1917.0,
    748.6333618164062,
    1096.0833740234375,
    1140.2857666015625,
    -3.8953137397766113,
    0.0,
    -0.1785714328289032,
    1.0,
    -376.4513244628906,
    -397.75,
    1.0,
    139.33914184570312,
    334.61468505859375,
    -20.29688262939453,
    0.0,
    0.5857142806053162,
    15.0,
    -71.0,
    -117.0,
    17.233333587646484,
    64.76756286621094,
    75.83050537109375,
    -16.017934799194336,
    0.0,
    -2.222222328186035,
    2.0,
    -1642.0,
    -2617.0,
    653.2666625976562,
    822.0833129882812,
    857.3125,
    -3.0003912448883057,
    0.0,
    -0.3737500011920929,
    17.0,
    -79.0,
    -136.0,
    19.200000762939453,
    61.720069885253906,
    80.06071472167969,
    -8.75324821472168,
    0.0,
    -0.8600000143051147,
    15.0,
    -41.0,
    -76.0,
    23.633333206176758,
    34.405555725097656,
    45.10138702392578,
    -6.72304105758667,
    0.0,
    -0.5
  ],
  "norm_rng": [
    1185.0,
    2096.0,
    3820.0,
    954.5565795898438,
    557.9271240234375,
    415.43505859375,
    5.510317802429199,
    0.21666668355464935,
    1.209183692932129,
    419.0,
    774.4512939453125,
    1039.75,
    418.7083435058594,
    278.62115478515625,
    78.0587158203125,
    24.48456382751465,
    1.0,
    1.1971428394317627,
    90.0,
    135.0,
    188.0,
    82.55000305175781,
    28.949661254882812,
    12.656021118164062,
    21.827537536621094,
    0.016666676849126816,
    3.3333334922790527,
    2214.0,
    3267.0,
    5619.0,
    925.7666625976562,
    411.07220458984375,
    276.8013916015625,
    6.465541362762451,
    0.008333344012498856,
    1.3837499618530273,
    114.0,
    148.0,
    215.0,
    99.66999816894531,
    46.106597900390625,
    20.891510009765625,
    13.051288604736328,
    0.6583333611488342,
    2.2799999713897705,
    61.80000305175781,
    82.0,
    154.0,
    48.43000030517578,
    31.242225646972656,
    17.62722396850586,
    9.717023849487305,
    9.99999993922529e-09,
    1.2360000610351562
  ]
}